"reel_number","tax_id","reserved","axis_code","axis_size","axis_surface","serial_number"
"D0800X001",,,"D(周轉軸)","0800","A/B","001"
"D0800X002",,,"D(周轉軸)","0800","A/B","002"
"D0800X003",,,"D(周轉軸)","0800","A/B","003"
"D0800X004",,,"D(周轉軸)","0800","A/B","004"
"D0800X005",,,"D(周轉軸)","0800","A/B","005"
"D0800X006",,,"D(周轉軸)","0800","A/B","006"
"D0800X007",,,"D(周轉軸)","0800","A/B","007"
"D0800X008",,,"D(周轉軸)","0800","A/B","008"
"D0800X009",,,"D(周轉軸)","0800","A/B","009"
"D0800X010",,,"D(周轉軸)","0800","A/B","010"
"D0800X011",,,"D(周轉軸)","0800","A/B","011"
"D0800X012",,,"D(周轉軸)","0800","A/B","012"
"D0800X013",,,"D(周轉軸)","0800","A/B","013"
"D0800X014",,,"D(周轉軸)","0800","A/B","014"
"D0800X015",,,"D(周轉軸)","0800","A/B","015"
"D0800X016",,,"D(周轉軸)","0800","A/B","016"
"D0800X017",,,"D(周轉軸)","0800","A/B","017"
"D0800X018",,,"D(周轉軸)","0800","A/B","018"
"D0800X019",,,"D(周轉軸)","0800","A/B","019"
"D0800X020",,,"D(周轉軸)","0800","A/B","020"
"D0800X021",,,"D(周轉軸)","0800","A/B","021"
"D0800X022",,,"D(周轉軸)","0800","A/B","022"
"D0800X023",,,"D(周轉軸)","0800","A/B","023"
"D0800X024",,,"D(周轉軸)","0800","A/B","024"
"D0800X025",,,"D(周轉軸)","0800","A/B","025"
"D0800X026",,,"D(周轉軸)","0800","A/B","026"
"D0800X027",,,"D(周轉軸)","0800","A/B","027"
"D0800X028",,,"D(周轉軸)","0800","A/B","028"
"D0800X029",,,"D(周轉軸)","0800","A/B","029"
"D0800X030",,,"D(周轉軸)","0800","A/B","030"
"D0800X031",,,"D(周轉軸)","0800","A/B","031"
"D0800X032",,,"D(周轉軸)","0800","A/B","032"
"D0800X033",,,"D(周轉軸)","0800","A/B","033"
"D0800X034",,,"D(周轉軸)","0800","A/B","034"
"D0800X035",,,"D(周轉軸)","0800","A/B","035"
"D0800X036",,,"D(周轉軸)","0800","A/B","036"
"D0800X037",,,"D(周轉軸)","0800","A/B","037"
"D0800X038",,,"D(周轉軸)","0800","A/B","038"
"D0800X039",,,"D(周轉軸)","0800","A/B","039"
"D0800X040",,,"D(周轉軸)","0800","A/B","040"
"D0800X041",,,"D(周轉軸)","0800","A/B","041"
"D0800X042",,,"D(周轉軸)","0800","A/B","042"
"D0800X043",,,"D(周轉軸)","0800","A/B","043"
"D0800X044",,,"D(周轉軸)","0800","A/B","044"
"D0800X045",,,"D(周轉軸)","0800","A/B","045"
"D0800X046",,,"D(周轉軸)","0800","A/B","046"
"D0800X047",,,"D(周轉軸)","0800","A/B","047"
"D0800X048",,,"D(周轉軸)","0800","A/B","048"
"D0800X049",,,"D(周轉軸)","0800","A/B","049"
"D0800X050",,,"D(周轉軸)","0800","A/B","050"
"D0800X051",,,"D(周轉軸)","0800","A/B","051"
"D0800X052",,,"D(周轉軸)","0800","A/B","052"
"D0800X053",,,"D(周轉軸)","0800","A/B","053"
"D0800X054",,,"D(周轉軸)","0800","A/B","054"
"D0800X055",,,"D(周轉軸)","0800","A/B","055"
"D0800X056",,,"D(周轉軸)","0800","A/B","056"
"D0800X057",,,"D(周轉軸)","0800","A/B","057"
"D0800X058",,,"D(周轉軸)","0800","A/B","058"
"D0800X059",,,"D(周轉軸)","0800","A/B","059"
"D0800X060",,,"D(周轉軸)","0800","A/B","060"
"D0800X061",,,"D(周轉軸)","0800","A/B","061"
"D0800X062",,,"D(周轉軸)","0800","A/B","062"
"D0800X063",,,"D(周轉軸)","0800","A/B","063"
"D0800X064",,,"D(周轉軸)","0800","A/B","064"
"D0800X065",,,"D(周轉軸)","0800","A/B","065"
"D0800X066",,,"D(周轉軸)","0800","A/B","066"
"D0800X067",,,"D(周轉軸)","0800","A/B","067"
"D0800X068",,,"D(周轉軸)","0800","A/B","068"
"D0800X069",,,"D(周轉軸)","0800","A/B","069"
"D0800X070",,,"D(周轉軸)","0800","A/B","070"
"D0800X071",,,"D(周轉軸)","0800","A/B","071"
"D0800X072",,,"D(周轉軸)","0800","A/B","072"
"D0800X073",,,"D(周轉軸)","0800","A/B","073"
"D0800X074",,,"D(周轉軸)","0800","A/B","074"
"D0800X075",,,"D(周轉軸)","0800","A/B","075"
"D0800X076",,,"D(周轉軸)","0800","A/B","076"
"D0800X077",,,"D(周轉軸)","0800","A/B","077"
"D0800X078",,,"D(周轉軸)","0800","A/B","078"
"D0800X079",,,"D(周轉軸)","0800","A/B","079"
"D0800X080",,,"D(周轉軸)","0800","A/B","080"
"D0800X081",,,"D(周轉軸)","0800","A/B","081"
"D0800X082",,,"D(周轉軸)","0800","A/B","082"
"D0800X083",,,"D(周轉軸)","0800","A/B","083"
"D0800X084",,,"D(周轉軸)","0800","A/B","084"
"D0800X085",,,"D(周轉軸)","0800","A/B","085"
"D0800X086",,,"D(周轉軸)","0800","A/B","086"
"D0800X087",,,"D(周轉軸)","0800","A/B","087"
"D0800X088",,,"D(周轉軸)","0800","A/B","088"
"D0800X089",,,"D(周轉軸)","0800","A/B","089"
"D0800X090",,,"D(周轉軸)","0800","A/B","090"
"D0800X091",,,"D(周轉軸)","0800","A/B","091"
"D0800X092",,,"D(周轉軸)","0800","A/B","092"
"D0800X093",,,"D(周轉軸)","0800","A/B","093"
"D0800X094",,,"D(周轉軸)","0800","A/B","094"
"D0800X095",,,"D(周轉軸)","0800","A/B","095"
"D0800X096",,,"D(周轉軸)","0800","A/B","096"
"D0800X097",,,"D(周轉軸)","0800","A/B","097"
"D0800X098",,,"D(周轉軸)","0800","A/B","098"
"D0800X099",,,"D(周轉軸)","0800","A/B","099"
"D0800X100",,,"D(周轉軸)","0800","A/B","100"
"D0800X101",,,"D(周轉軸)","0800","A/B","101"
"D0800X102",,,"D(周轉軸)","0800","A/B","102"
"D0800X103",,,"D(周轉軸)","0800","A/B","103"
"D0800X104",,,"D(周轉軸)","0800","A/B","104"
"D0800X105",,,"D(周轉軸)","0800","A/B","105"
"D0800X106",,,"D(周轉軸)","0800","A/B","106"
"D0800X107",,,"D(周轉軸)","0800","A/B","107"
"D0800X108",,,"D(周轉軸)","0800","A/B","108"
"D0800X109",,,"D(周轉軸)","0800","A/B","109"
"D0800X110",,,"D(周轉軸)","0800","A/B","110"
"D0800X111",,,"D(周轉軸)","0800","A/B","111"
"D0800X112",,,"D(周轉軸)","0800","A/B","112"
"D0800X113",,,"D(周轉軸)","0800","A/B","113"
"D0800X114",,,"D(周轉軸)","0800","A/B","114"
"D0800X115",,,"D(周轉軸)","0800","A/B","115"
"D0800X116",,,"D(周轉軸)","0800","A/B","116"
"D0800X117",,,"D(周轉軸)","0800","A/B","117"
"D0800X118",,,"D(周轉軸)","0800","A/B","118"
"D0800X119",,,"D(周轉軸)","0800","A/B","119"
"D0800X120",,,"D(周轉軸)","0800","A/B","120"
"D0800X121",,,"D(周轉軸)","0800","A/B","121"
"D0800X122",,,"D(周轉軸)","0800","A/B","122"
"D0800X123",,,"D(周轉軸)","0800","A/B","123"
"D0800X124",,,"D(周轉軸)","0800","A/B","124"
"D0800X125",,,"D(周轉軸)","0800","A/B","125"
"D0800X126",,,"D(周轉軸)","0800","A/B","126"
"D0800X127",,,"D(周轉軸)","0800","A/B","127"
"D0800X128",,,"D(周轉軸)","0800","A/B","128"
"D0800X129",,,"D(周轉軸)","0800","A/B","129"
"D0800X130",,,"D(周轉軸)","0800","A/B","130"
"D0800X131",,,"D(周轉軸)","0800","A/B","131"
"D0800X132",,,"D(周轉軸)","0800","A/B","132"
"D0800X133",,,"D(周轉軸)","0800","A/B","133"
"D0800X134",,,"D(周轉軸)","0800","A/B","134"
"D0800X135",,,"D(周轉軸)","0800","A/B","135"
"D0800X136",,,"D(周轉軸)","0800","A/B","136"
"D0800X137",,,"D(周轉軸)","0800","A/B","137"
"D0800X138",,,"D(周轉軸)","0800","A/B","138"
"D0800X139",,,"D(周轉軸)","0800","A/B","139"
"D0800X140",,,"D(周轉軸)","0800","A/B","140"
"D0800X141",,,"D(周轉軸)","0800","A/B","141"
"D0800X142",,,"D(周轉軸)","0800","A/B","142"
"D0800X143",,,"D(周轉軸)","0800","A/B","143"
"D0800X144",,,"D(周轉軸)","0800","A/B","144"
"D0800X145",,,"D(周轉軸)","0800","A/B","145"
"D0800X146",,,"D(周轉軸)","0800","A/B","146"
"D0800X147",,,"D(周轉軸)","0800","A/B","147"
"D0800X148",,,"D(周轉軸)","0800","A/B","148"
"D0800X149",,,"D(周轉軸)","0800","A/B","149"
"D0800X150",,,"D(周轉軸)","0800","A/B","150"
"D0800X151",,,"D(周轉軸)","0800","A/B","151"
"D0800X152",,,"D(周轉軸)","0800","A/B","152"
"D0800X153",,,"D(周轉軸)","0800","A/B","153"
"D0800X154",,,"D(周轉軸)","0800","A/B","154"
"D0800X155",,,"D(周轉軸)","0800","A/B","155"
"D0800X156",,,"D(周轉軸)","0800","A/B","156"
"D0800X157",,,"D(周轉軸)","0800","A/B","157"
"D0800X158",,,"D(周轉軸)","0800","A/B","158"
"D0800X159",,,"D(周轉軸)","0800","A/B","159"
"D0800X160",,,"D(周轉軸)","0800","A/B","160"
"D0800X161",,,"D(周轉軸)","0800","A/B","161"
"D0800X162",,,"D(周轉軸)","0800","A/B","162"
"D0800X163",,,"D(周轉軸)","0800","A/B","163"
"D0800X164",,,"D(周轉軸)","0800","A/B","164"
"D0800X165",,,"D(周轉軸)","0800","A/B","165"
"D0800X166",,,"D(周轉軸)","0800","A/B","166"
"D0800X167",,,"D(周轉軸)","0800","A/B","167"
"D0800X168",,,"D(周轉軸)","0800","A/B","168"
"D0800X169",,,"D(周轉軸)","0800","A/B","169"
"D0800X170",,,"D(周轉軸)","0800","A/B","170"
"D0800X171",,,"D(周轉軸)","0800","A/B","171"
"D0800X172",,,"D(周轉軸)","0800","A/B","172"
"D0800X173",,,"D(周轉軸)","0800","A/B","173"
"D0800X174",,,"D(周轉軸)","0800","A/B","174"
"D0800X175",,,"D(周轉軸)","0800","A/B","175"
"D0800X176",,,"D(周轉軸)","0800","A/B","176"
"D0800X177",,,"D(周轉軸)","0800","A/B","177"
"D0800X178",,,"D(周轉軸)","0800","A/B","178"
"D0800X179",,,"D(周轉軸)","0800","A/B","179"
"D0800X180",,,"D(周轉軸)","0800","A/B","180"
"D0800X181",,,"D(周轉軸)","0800","A/B","181"
"D0800X182",,,"D(周轉軸)","0800","A/B","182"
"D0800X183",,,"D(周轉軸)","0800","A/B","183"
"D0800X184",,,"D(周轉軸)","0800","A/B","184"
"D0800X185",,,"D(周轉軸)","0800","A/B","185"
"D0800X186",,,"D(周轉軸)","0800","A/B","186"
"D0800X187",,,"D(周轉軸)","0800","A/B","187"
"D0800X188",,,"D(周轉軸)","0800","A/B","188"
"D0800X189",,,"D(周轉軸)","0800","A/B","189"
"D0800X190",,,"D(周轉軸)","0800","A/B","190"
"D0800X191",,,"D(周轉軸)","0800","A/B","191"
"D0800X192",,,"D(周轉軸)","0800","A/B","192"
"D0800X193",,,"D(周轉軸)","0800","A/B","193"
"D0800X194",,,"D(周轉軸)","0800","A/B","194"
"D0800X195",,,"D(周轉軸)","0800","A/B","195"
"D0800X196",,,"D(周轉軸)","0800","A/B","196"
"D0800X197",,,"D(周轉軸)","0800","A/B","197"
"D0800X198",,,"D(周轉軸)","0800","A/B","198"
"D0800X199",,,"D(周轉軸)","0800","A/B","199"
"D0800X200",,,"D(周轉軸)","0800","A/B","200"
"D0800X201",,,"D(周轉軸)","0800","A/B","201"
"D0800X202",,,"D(周轉軸)","0800","A/B","202"
"D0800X203",,,"D(周轉軸)","0800","A/B","203"
"D0800X204",,,"D(周轉軸)","0800","A/B","204"
"D0800X205",,,"D(周轉軸)","0800","A/B","205"
"D0800X206",,,"D(周轉軸)","0800","A/B","206"
"D0800X207",,,"D(周轉軸)","0800","A/B","207"
"D0800X208",,,"D(周轉軸)","0800","A/B","208"
"D0800X209",,,"D(周轉軸)","0800","A/B","209"
"D0800X210",,,"D(周轉軸)","0800","A/B","210"
"D0800X211",,,"D(周轉軸)","0800","A/B","211"
"D0800X212",,,"D(周轉軸)","0800","A/B","212"
"D0800X213",,,"D(周轉軸)","0800","A/B","213"
"D0800X214",,,"D(周轉軸)","0800","A/B","214"
"D0800X215",,,"D(周轉軸)","0800","A/B","215"
"D0800X216",,,"D(周轉軸)","0800","A/B","216"
"D0800X217",,,"D(周轉軸)","0800","A/B","217"
"D0800X218",,,"D(周轉軸)","0800","A/B","218"
"D0800X219",,,"D(周轉軸)","0800","A/B","219"
"D0800X220",,,"D(周轉軸)","0800","A/B","220"
"D0800X221",,,"D(周轉軸)","0800","A/B","221"
"D0800X222",,,"D(周轉軸)","0800","A/B","222"
"D0800X223",,,"D(周轉軸)","0800","A/B","223"
"D1000X001",,,"D(周轉軸)","1000","A/B","001"
"D1000X002",,,"D(周轉軸)","1000","A/B","002"
"D1000X003",,,"D(周轉軸)","1000","A/B","003"
"D1000X004",,,"D(周轉軸)","1000","A/B","004"
"D1000X005",,,"D(周轉軸)","1000","A/B","005"
"D1000X006",,,"D(周轉軸)","1000","A/B","006"
"D1000X007",,,"D(周轉軸)","1000","A/B","007"
"D1000X008",,,"D(周轉軸)","1000","A/B","008"
"D1000X009",,,"D(周轉軸)","1000","A/B","009"
"D1000X010",,,"D(周轉軸)","1000","A/B","010"
"D1000X011",,,"D(周轉軸)","1000","A/B","011"
"D1000X012",,,"D(周轉軸)","1000","A/B","012"
"D1000X013",,,"D(周轉軸)","1000","A/B","013"
"D1000X014",,,"D(周轉軸)","1000","A/B","014"
"D1000X015",,,"D(周轉軸)","1000","A/B","015"
"D1000X016",,,"D(周轉軸)","1000","A/B","016"
"D1000X017",,,"D(周轉軸)","1000","A/B","017"
"D1000X018",,,"D(周轉軸)","1000","A/B","018"
"D1000X019",,,"D(周轉軸)","1000","A/B","019"
"D1000X020",,,"D(周轉軸)","1000","A/B","020"
"D1000X021",,,"D(周轉軸)","1000","A/B","021"
"D1000X022",,,"D(周轉軸)","1000","A/B","022"
"D1000X023",,,"D(周轉軸)","1000","A/B","023"
"D1000X024",,,"D(周轉軸)","1000","A/B","024"
"D1000X025",,,"D(周轉軸)","1000","A/B","025"
"D1000X026",,,"D(周轉軸)","1000","A/B","026"
"D1000X027",,,"D(周轉軸)","1000","A/B","027"
"D1000X028",,,"D(周轉軸)","1000","A/B","028"
"D1000X029",,,"D(周轉軸)","1000","A/B","029"
"D1000X030",,,"D(周轉軸)","1000","A/B","030"
"D1000X031",,,"D(周轉軸)","1000","A/B","031"
"D1000X032",,,"D(周轉軸)","1000","A/B","032"
"D1000X033",,,"D(周轉軸)","1000","A/B","033"
"D1000X034",,,"D(周轉軸)","1000","A/B","034"
"D1000X035",,,"D(周轉軸)","1000","A/B","035"
"D1000X036",,,"D(周轉軸)","1000","A/B","036"
"D1000X037",,,"D(周轉軸)","1000","A/B","037"
"D1000X038",,,"D(周轉軸)","1000","A/B","038"
"D1000X039",,,"D(周轉軸)","1000","A/B","039"
"D1000X040",,,"D(周轉軸)","1000","A/B","040"
"D1000X041",,,"D(周轉軸)","1000","A/B","041"
"D1000X042",,,"D(周轉軸)","1000","A/B","042"
"D1000X043",,,"D(周轉軸)","1000","A/B","043"
"D1000X044",,,"D(周轉軸)","1000","A/B","044"
"D1000X045",,,"D(周轉軸)","1000","A/B","045"
"D1000X046",,,"D(周轉軸)","1000","A/B","046"
"D1000X047",,,"D(周轉軸)","1000","A/B","047"
"D1000X048",,,"D(周轉軸)","1000","A/B","048"
"D1000X049",,,"D(周轉軸)","1000","A/B","049"
"D1000X050",,,"D(周轉軸)","1000","A/B","050"
"D1000X051",,,"D(周轉軸)","1000","A/B","051"
"D1000X052",,,"D(周轉軸)","1000","A/B","052"
"D1000X053",,,"D(周轉軸)","1000","A/B","053"
"D1000X054",,,"D(周轉軸)","1000","A/B","054"
"D1000X055",,,"D(周轉軸)","1000","A/B","055"
"D1000X056",,,"D(周轉軸)","1000","A/B","056"
"D1000X057",,,"D(周轉軸)","1000","A/B","057"
"D1000X058",,,"D(周轉軸)","1000","A/B","058"
"D1000X059",,,"D(周轉軸)","1000","A/B","059"
"D1000X060",,,"D(周轉軸)","1000","A/B","060"
"D1000X061",,,"D(周轉軸)","1000","A/B","061"
"D1000X062",,,"D(周轉軸)","1000","A/B","062"
"D1000X063",,,"D(周轉軸)","1000","A/B","063"
"D1000X064",,,"D(周轉軸)","1000","A/B","064"
"D1000X065",,,"D(周轉軸)","1000","A/B","065"
"D1000X066",,,"D(周轉軸)","1000","A/B","066"
"D1000X067",,,"D(周轉軸)","1000","A/B","067"
"D1000X068",,,"D(周轉軸)","1000","A/B","068"
"D1000X069",,,"D(周轉軸)","1000","A/B","069"
"D1000X070",,,"D(周轉軸)","1000","A/B","070"
"D1000X071",,,"D(周轉軸)","1000","A/B","071"
"D1000X072",,,"D(周轉軸)","1000","A/B","072"
"D1000X073",,,"D(周轉軸)","1000","A/B","073"
"D1000X074",,,"D(周轉軸)","1000","A/B","074"
"D1000X075",,,"D(周轉軸)","1000","A/B","075"
"D1000X076",,,"D(周轉軸)","1000","A/B","076"
"D1000X077",,,"D(周轉軸)","1000","A/B","077"
"D1000X078",,,"D(周轉軸)","1000","A/B","078"
"D1000X079",,,"D(周轉軸)","1000","A/B","079"
"D1000X080",,,"D(周轉軸)","1000","A/B","080"
"D1000X081",,,"D(周轉軸)","1000","A/B","081"
"D1000X082",,,"D(周轉軸)","1000","A/B","082"
"D1000X083",,,"D(周轉軸)","1000","A/B","083"
"D1000X084",,,"D(周轉軸)","1000","A/B","084"
"D1000X085",,,"D(周轉軸)","1000","A/B","085"
"D1000X086",,,"D(周轉軸)","1000","A/B","086"
"D1000X087",,,"D(周轉軸)","1000","A/B","087"
"D1000X088",,,"D(周轉軸)","1000","A/B","088"
"D1000X089",,,"D(周轉軸)","1000","A/B","089"
"D1000X090",,,"D(周轉軸)","1000","A/B","090"
"D1000X091",,,"D(周轉軸)","1000","A/B","091"
"D1000X092",,,"D(周轉軸)","1000","A/B","092"
"D1000X093",,,"D(周轉軸)","1000","A/B","093"
"D1000X094",,,"D(周轉軸)","1000","A/B","094"
"D1000X095",,,"D(周轉軸)","1000","A/B","095"
"D1000X096",,,"D(周轉軸)","1000","A/B","096"
"D1000X097",,,"D(周轉軸)","1000","A/B","097"
"D1000X098",,,"D(周轉軸)","1000","A/B","098"
"D1000X099",,,"D(周轉軸)","1000","A/B","099"
"D1000X100",,,"D(周轉軸)","1000","A/B","100"
"D1000X101",,,"D(周轉軸)","1000","A/B","101"
"D1000X102",,,"D(周轉軸)","1000","A/B","102"
"D1000X103",,,"D(周轉軸)","1000","A/B","103"
"D1000X104",,,"D(周轉軸)","1000","A/B","104"
"D1000X105",,,"D(周轉軸)","1000","A/B","105"
"D1000X106",,,"D(周轉軸)","1000","A/B","106"
"D1000X107",,,"D(周轉軸)","1000","A/B","107"
"D1000X108",,,"D(周轉軸)","1000","A/B","108"
"D1000X109",,,"D(周轉軸)","1000","A/B","109"
"D1000X110",,,"D(周轉軸)","1000","A/B","110"
"D1000X111",,,"D(周轉軸)","1000","A/B","111"
"D1000X112",,,"D(周轉軸)","1000","A/B","112"
"D1000X113",,,"D(周轉軸)","1000","A/B","113"
"D1000X114",,,"D(周轉軸)","1000","A/B","114"
"D1000X115",,,"D(周轉軸)","1000","A/B","115"
"D1000X116",,,"D(周轉軸)","1000","A/B","116"
"D1000X117",,,"D(周轉軸)","1000","A/B","117"
"D1000X118",,,"D(周轉軸)","1000","A/B","118"
"D1000X119",,,"D(周轉軸)","1000","A/B","119"
"D1000X120",,,"D(周轉軸)","1000","A/B","120"
"D1000X121",,,"D(周轉軸)","1000","A/B","121"
"D1000X122",,,"D(周轉軸)","1000","A/B","122"
"D1000X123",,,"D(周轉軸)","1000","A/B","123"
"D1000X124",,,"D(周轉軸)","1000","A/B","124"
"D1000X125",,,"D(周轉軸)","1000","A/B","125"
"D1000X126",,,"D(周轉軸)","1000","A/B","126"
"D1000X127",,,"D(周轉軸)","1000","A/B","127"
"D1000X128",,,"D(周轉軸)","1000","A/B","128"
"D1000X129",,,"D(周轉軸)","1000","A/B","129"
"D1000X130",,,"D(周轉軸)","1000","A/B","130"
"D1000X131",,,"D(周轉軸)","1000","A/B","131"
"D1000X132",,,"D(周轉軸)","1000","A/B","132"
"D1000X133",,,"D(周轉軸)","1000","A/B","133"
"D1000X134",,,"D(周轉軸)","1000","A/B","134"
"D1000X135",,,"D(周轉軸)","1000","A/B","135"
"D1000X136",,,"D(周轉軸)","1000","A/B","136"
"D1000X137",,,"D(周轉軸)","1000","A/B","137"
"D1000X138",,,"D(周轉軸)","1000","A/B","138"
"D1000X139",,,"D(周轉軸)","1000","A/B","139"
"D1000X140",,,"D(周轉軸)","1000","A/B","140"
"D1000X141",,,"D(周轉軸)","1000","A/B","141"
"D1000X142",,,"D(周轉軸)","1000","A/B","142"
"D1000X143",,,"D(周轉軸)","1000","A/B","143"
"D1000X144",,,"D(周轉軸)","1000","A/B","144"
"D1000X145",,,"D(周轉軸)","1000","A/B","145"
"D1000X146",,,"D(周轉軸)","1000","A/B","146"
"D1000X147",,,"D(周轉軸)","1000","A/B","147"
"D1000X148",,,"D(周轉軸)","1000","A/B","148"
"D1000X149",,,"D(周轉軸)","1000","A/B","149"
"D1000X150",,,"D(周轉軸)","1000","A/B","150"
"D1000X151",,,"D(周轉軸)","1000","A/B","151"
"D1000X152",,,"D(周轉軸)","1000","A/B","152"
"D1000X153",,,"D(周轉軸)","1000","A/B","153"
"D1000X154",,,"D(周轉軸)","1000","A/B","154"
"D1000X155",,,"D(周轉軸)","1000","A/B","155"
"D1000X156",,,"D(周轉軸)","1000","A/B","156"
"D1250X001",,,"D(周轉軸)","1250","A/B","001"
"D1250X002",,,"D(周轉軸)","1250","A/B","002"
"D1250X003",,,"D(周轉軸)","1250","A/B","003"
"D1250X004",,,"D(周轉軸)","1250","A/B","004"
"D1250X005",,,"D(周轉軸)","1250","A/B","005"
"D1250X006",,,"D(周轉軸)","1250","A/B","006"
"D1250X007",,,"D(周轉軸)","1250","A/B","007"
"D1250X008",,,"D(周轉軸)","1250","A/B","008"
"D1250X009",,,"D(周轉軸)","1250","A/B","009"
"D1250X010",,,"D(周轉軸)","1250","A/B","010"
"D1250X011",,,"D(周轉軸)","1250","A/B","011"
"D1250X012",,,"D(周轉軸)","1250","A/B","012"
"D1250X013",,,"D(周轉軸)","1250","A/B","013"
"D1250X014",,,"D(周轉軸)","1250","A/B","014"
"D1250X015",,,"D(周轉軸)","1250","A/B","015"
"D1250X016",,,"D(周轉軸)","1250","A/B","016"
"D1250X017",,,"D(周轉軸)","1250","A/B","017"
"D1250X018",,,"D(周轉軸)","1250","A/B","018"
"D1250X019",,,"D(周轉軸)","1250","A/B","019"
"D1250X020",,,"D(周轉軸)","1250","A/B","020"
"D1250X021",,,"D(周轉軸)","1250","A/B","021"
"D1250X022",,,"D(周轉軸)","1250","A/B","022"
"D1250X023",,,"D(周轉軸)","1250","A/B","023"
"D1250X024",,,"D(周轉軸)","1250","A/B","024"
"D1250X025",,,"D(周轉軸)","1250","A/B","025"
"D1250X026",,,"D(周轉軸)","1250","A/B","026"
"D1250X027",,,"D(周轉軸)","1250","A/B","027"
"D1250X028",,,"D(周轉軸)","1250","A/B","028"
"D1250X029",,,"D(周轉軸)","1250","A/B","029"
"D1250X030",,,"D(周轉軸)","1250","A/B","030"
"D1250X031",,,"D(周轉軸)","1250","A/B","031"
"D1250X032",,,"D(周轉軸)","1250","A/B","032"
"D1250X033",,,"D(周轉軸)","1250","A/B","033"
"D1250X034",,,"D(周轉軸)","1250","A/B","034"
"D1250X035",,,"D(周轉軸)","1250","A/B","035"
"D1250X036",,,"D(周轉軸)","1250","A/B","036"
"D1250X037",,,"D(周轉軸)","1250","A/B","037"
"D1250X038",,,"D(周轉軸)","1250","A/B","038"
"D1250X039",,,"D(周轉軸)","1250","A/B","039"
"D1250X040",,,"D(周轉軸)","1250","A/B","040"
"D1250X041",,,"D(周轉軸)","1250","A/B","041"
"D1250X042",,,"D(周轉軸)","1250","A/B","042"
"D1250X043",,,"D(周轉軸)","1250","A/B","043"
"D1250X044",,,"D(周轉軸)","1250","A/B","044"
"D1250X045",,,"D(周轉軸)","1250","A/B","045"
"D1250X046",,,"D(周轉軸)","1250","A/B","046"
"D1250X047",,,"D(周轉軸)","1250","A/B","047"
"D1250X048",,,"D(周轉軸)","1250","A/B","048"
"D1250X049",,,"D(周轉軸)","1250","A/B","049"
"D1250X050",,,"D(周轉軸)","1250","A/B","050"
"D1250X051",,,"D(周轉軸)","1250","A/B","051"
"D1250X052",,,"D(周轉軸)","1250","A/B","052"
"D1250X053",,,"D(周轉軸)","1250","A/B","053"
"D1250X054",,,"D(周轉軸)","1250","A/B","054"
"D1250X055",,,"D(周轉軸)","1250","A/B","055"
"D1250X056",,,"D(周轉軸)","1250","A/B","056"
"D1250X057",,,"D(周轉軸)","1250","A/B","057"
"D1250X058",,,"D(周轉軸)","1250","A/B","058"
"D1250X059",,,"D(周轉軸)","1250","A/B","059"
"D1250X060",,,"D(周轉軸)","1250","A/B","060"
"D1250X061",,,"D(周轉軸)","1250","A/B","061"
"D1250X062",,,"D(周轉軸)","1250","A/B","062"
"D1250X063",,,"D(周轉軸)","1250","A/B","063"
"D1250X064",,,"D(周轉軸)","1250","A/B","064"
"D1250X065",,,"D(周轉軸)","1250","A/B","065"
"D1250X066",,,"D(周轉軸)","1250","A/B","066"
"D1250X067",,,"D(周轉軸)","1250","A/B","067"
"D1250X068",,,"D(周轉軸)","1250","A/B","068"
"D1250X069",,,"D(周轉軸)","1250","A/B","069"
"D1250X070",,,"D(周轉軸)","1250","A/B","070"
"D1250X071",,,"D(周轉軸)","1250","A/B","071"
"D1250X072",,,"D(周轉軸)","1250","A/B","072"
"D1250X073",,,"D(周轉軸)","1250","A/B","073"
"D1250X074",,,"D(周轉軸)","1250","A/B","074"
"D1250X075",,,"D(周轉軸)","1250","A/B","075"
"D1250X076",,,"D(周轉軸)","1250","A/B","076"
"D1250X077",,,"D(周轉軸)","1250","A/B","077"
"D1600X001",,,"D(周轉軸)","1600","A/B","001"
"D1600X002",,,"D(周轉軸)","1600","A/B","002"
"D1600X003",,,"D(周轉軸)","1600","A/B","003"
"D1600X004",,,"D(周轉軸)","1600","A/B","004"
"D1600X005",,,"D(周轉軸)","1600","A/B","005"
"D1600X006",,,"D(周轉軸)","1600","A/B","006"
"D1600X007",,,"D(周轉軸)","1600","A/B","007"
"D1600X008",,,"D(周轉軸)","1600","A/B","008"
"D1600X009",,,"D(周轉軸)","1600","A/B","009"
"D1600X010",,,"D(周轉軸)","1600","A/B","010"
"D1600X011",,,"D(周轉軸)","1600","A/B","011"
"D1600X012",,,"D(周轉軸)","1600","A/B","012"
"D1600X013",,,"D(周轉軸)","1600","A/B","013"
"D1600X014",,,"D(周轉軸)","1600","A/B","014"
"D1600X015",,,"D(周轉軸)","1600","A/B","015"
"D1600X016",,,"D(周轉軸)","1600","A/B","016"
"D1600X017",,,"D(周轉軸)","1600","A/B","017"
"D1600X018",,,"D(周轉軸)","1600","A/B","018"
"D1600X019",,,"D(周轉軸)","1600","A/B","019"
"D1600X020",,,"D(周轉軸)","1600","A/B","020"
"D1600X021",,,"D(周轉軸)","1600","A/B","021"
"D1600X022",,,"D(周轉軸)","1600","A/B","022"
"D1600X023",,,"D(周轉軸)","1600","A/B","023"
"D1600X024",,,"D(周轉軸)","1600","A/B","024"
"D1600X025",,,"D(周轉軸)","1600","A/B","025"
"D1600X026",,,"D(周轉軸)","1600","A/B","026"
"D1600X027",,,"D(周轉軸)","1600","A/B","027"
"D1600X028",,,"D(周轉軸)","1600","A/B","028"
"D1600X029",,,"D(周轉軸)","1600","A/B","029"
"D1600X030",,,"D(周轉軸)","1600","A/B","030"
"D1600X031",,,"D(周轉軸)","1600","A/B","031"
"D1600X032",,,"D(周轉軸)","1600","A/B","032"
"D1600X033",,,"D(周轉軸)","1600","A/B","033"
"D1600X034",,,"D(周轉軸)","1600","A/B","034"
"D1600X035",,,"D(周轉軸)","1600","A/B","035"
"D1600X036",,,"D(周轉軸)","1600","A/B","036"
"D1600X037",,,"D(周轉軸)","1600","A/B","037"
"D1600X038",,,"D(周轉軸)","1600","A/B","038"
"D1600X039",,,"D(周轉軸)","1600","A/B","039"
"D1600X040",,,"D(周轉軸)","1600","A/B","040"
"D1600X041",,,"D(周轉軸)","1600","A/B","041"
"D1600X042",,,"D(周轉軸)","1600","A/B","042"
"D1600X043",,,"D(周轉軸)","1600","A/B","043"
"D1600X044",,,"D(周轉軸)","1600","A/B","044"
"D1600X045",,,"D(周轉軸)","1600","A/B","045"
"D1600X046",,,"D(周轉軸)","1600","A/B","046"
"D1600X047",,,"D(周轉軸)","1600","A/B","047"
"D1600X048",,,"D(周轉軸)","1600","A/B","048"
"D1600X049",,,"D(周轉軸)","1600","A/B","049"
"D1600X050",,,"D(周轉軸)","1600","A/B","050"
"D1600X051",,,"D(周轉軸)","1600","A/B","051"
"D1600X052",,,"D(周轉軸)","1600","A/B","052"
"D1600X053",,,"D(周轉軸)","1600","A/B","053"
"D1600X054",,,"D(周轉軸)","1600","A/B","054"
"D1600X055",,,"D(周轉軸)","1600","A/B","055"
"D2240X001",,,"D(周轉軸)","2240","A/B","001"
"D2240X002",,,"D(周轉軸)","2240","A/B","002"
"D2240X003",,,"D(周轉軸)","2240","A/B","003"
"D2240X004",,,"D(周轉軸)","2240","A/B","004"
"D2240X005",,,"D(周轉軸)","2240","A/B","005"
"D2240X006",,,"D(周轉軸)","2240","A/B","006"
"D2240X007",,,"D(周轉軸)","2240","A/B","007"
"D2240X008",,,"D(周轉軸)","2240","A/B","008"
"D2240X009",,,"D(周轉軸)","2240","A/B","009"
"D2240X010",,,"D(周轉軸)","2240","A/B","010"
"D2240X011",,,"D(周轉軸)","2240","A/B","011"
"D2240X012",,,"D(周轉軸)","2240","A/B","012"
"D2240X013",,,"D(周轉軸)","2240","A/B","013"
"D2240X014",,,"D(周轉軸)","2240","A/B","014"
"D2240X015",,,"D(周轉軸)","2240","A/B","015"
"D2240X016",,,"D(周轉軸)","2240","A/B","016"
"D2240X017",,,"D(周轉軸)","2240","A/B","017"
"D2240X018",,,"D(周轉軸)","2240","A/B","018"
"D2240X019",,,"D(周轉軸)","2240","A/B","019"
"D2240X020",,,"D(周轉軸)","2240","A/B","020"
"D2240X021",,,"D(周轉軸)","2240","A/B","021"
"D2240X022",,,"D(周轉軸)","2240","A/B","022"
"D2240X023",,,"D(周轉軸)","2240","A/B","023"
"D2240X024",,,"D(周轉軸)","2240","A/B","024"
"D2240X025",,,"D(周轉軸)","2240","A/B","025"
"D2240X026",,,"D(周轉軸)","2240","A/B","026"
"D2240X027",,,"D(周轉軸)","2240","A/B","027"
"D2240X028",,,"D(周轉軸)","2240","A/B","028"
"D2240X029",,,"D(周轉軸)","2240","A/B","029"
"D2240X030",,,"D(周轉軸)","2240","A/B","030"
"D2240X031",,,"D(周轉軸)","2240","A/B","031"
"D2240X032",,,"D(周轉軸)","2240","A/B","032"
"D2240X033",,,"D(周轉軸)","2240","A/B","033"
"D2240X034",,,"D(周轉軸)","2240","A/B","034"
"D2240X035",,,"D(周轉軸)","2240","A/B","035"
"D2240X036",,,"D(周轉軸)","2240","A/B","036"
"D2240X037",,,"D(周轉軸)","2240","A/B","037"
"D2240X038",,,"D(周轉軸)","2240","A/B","038"
"D2240X039",,,"D(周轉軸)","2240","A/B","039"
"D2240X040",,,"D(周轉軸)","2240","A/B","040"
"D2240X041",,,"D(周轉軸)","2240","A/B","041"
"D2240X042",,,"D(周轉軸)","2240","A/B","042"
"D2240X043",,,"D(周轉軸)","2240","A/B","043"
"D2240X044",,,"D(周轉軸)","2240","A/B","044"
"D2240X045",,,"D(周轉軸)","2240","A/B","045"
"D2240X046",,,"D(周轉軸)","2240","A/B","046"
"D2240X047",,,"D(周轉軸)","2240","A/B","047"
"D2240X048",,,"D(周轉軸)","2240","A/B","048"
"D2240X049",,,"D(周轉軸)","2240","A/B","049"
"D2240X050",,,"D(周轉軸)","2240","A/B","050"
"D2240X051",,,"D(周轉軸)","2240","A/B","051"
"D2240X052",,,"D(周轉軸)","2240","A/B","052"
"D2240X053",,,"D(周轉軸)","2240","A/B","053"
"R0880X001",,,"R(架裝)","880","X","001"
"R0880X002",,,"R(架裝)","880","X","002"
"R0880X003",,,"R(架裝)","880","X","003"
"R0880X004",,,"R(架裝)","880","X","004"
"R0880X005",,,"R(架裝)","880","X","005"
"R0880X006",,,"R(架裝)","880","X","006"
"R0880X007",,,"R(架裝)","880","X","007"
"R0880X008",,,"R(架裝)","880","X","008"
"R0880X009",,,"R(架裝)","880","X","009"
"R0880X010",,,"R(架裝)","880","X","010"
"R0880X011",,,"R(架裝)","880","X","011"
"R0880X012",,,"R(架裝)","880","X","012"
"R0880X013",,,"R(架裝)","880","X","013"
"R0880X014",,,"R(架裝)","880","X","014"
"R0880X015",,,"R(架裝)","880","X","015"
"R0880X016",,,"R(架裝)","880","X","016"
"R0880X017",,,"R(架裝)","880","X","017"
"R0880X018",,,"R(架裝)","880","X","018"
"R0880X019",,,"R(架裝)","880","X","019"
"R0880X020",,,"R(架裝)","880","X","020"
"R0880X021",,,"R(架裝)","880","X","021"
"R0880X022",,,"R(架裝)","880","X","022"
"R0880X023",,,"R(架裝)","880","X","023"
"R0880X024",,,"R(架裝)","880","X","024"
"R0880X025",,,"R(架裝)","880","X","025"
"R0880X026",,,"R(架裝)","880","X","026"
"R0880X027",,,"R(架裝)","880","X","027"
"R0880X028",,,"R(架裝)","880","X","028"
"R0880X029",,,"R(架裝)","880","X","029"
"R0880X030",,,"R(架裝)","880","X","030"
"R0880X031",,,"R(架裝)","880","X","031"
"R0880X032",,,"R(架裝)","880","X","032"
"R0880X033",,,"R(架裝)","880","X","033"
"R0880X034",,,"R(架裝)","880","X","034"
"R0880X035",,,"R(架裝)","880","X","035"
"R0880X036",,,"R(架裝)","880","X","036"
"R0880X037",,,"R(架裝)","880","X","037"
"R0880X038",,,"R(架裝)","880","X","038"
"R0880X039",,,"R(架裝)","880","X","039"
"R0880X040",,,"R(架裝)","880","X","040"
"R0880X041",,,"R(架裝)","880","X","041"
"R0880X042",,,"R(架裝)","880","X","042"
"R0880X043",,,"R(架裝)","880","X","043"
"R0880X044",,,"R(架裝)","880","X","044"
"R0880X045",,,"R(架裝)","880","X","045"
"R0880X046",,,"R(架裝)","880","X","046"
"R0880X047",,,"R(架裝)","880","X","047"
"R0880X048",,,"R(架裝)","880","X","048"
"R0880X049",,,"R(架裝)","880","X","049"
"R0880X050",,,"R(架裝)","880","X","050"
"R0880X051",,,"R(架裝)","880","X","051"
"R0880X052",,,"R(架裝)","880","X","052"
"R0880X053",,,"R(架裝)","880","X","053"
"R0880X054",,,"R(架裝)","880","X","054"
"R0880X055",,,"R(架裝)","880","X","055"
"R0880X056",,,"R(架裝)","880","X","056"
"R0880X057",,,"R(架裝)","880","X","057"
"R0880X058",,,"R(架裝)","880","X","058"
"R0880X059",,,"R(架裝)","880","X","059"
"R0880X060",,,"R(架裝)","880","X","060"
"R0880X061",,,"R(架裝)","880","X","061"
"R0880X062",,,"R(架裝)","880","X","062"
"R0880X063",,,"R(架裝)","880","X","063"
"R0880X064",,,"R(架裝)","880","X","064"
"R0880X065",,,"R(架裝)","880","X","065"
"R0880X066",,,"R(架裝)","880","X","066"
"R0880X067",,,"R(架裝)","880","X","067"
"R0880X068",,,"R(架裝)","880","X","068"
"R0880X069",,,"R(架裝)","880","X","069"
"R0880X070",,,"R(架裝)","880","X","070"
"R0880X071",,,"R(架裝)","880","X","071"
"R0880X072",,,"R(架裝)","880","X","072"
"R0880X073",,,"R(架裝)","880","X","073"
"R0880X074",,,"R(架裝)","880","X","074"
"R0880X075",,,"R(架裝)","880","X","075"
"R0880X076",,,"R(架裝)","880","X","076"
"R0880X077",,,"R(架裝)","880","X","077"
"R0880X078",,,"R(架裝)","880","X","078"
"R0880X079",,,"R(架裝)","880","X","079"
"R0880X080",,,"R(架裝)","880","X","080"
"R0880X081",,,"R(架裝)","880","X","081"
"R0880X082",,,"R(架裝)","880","X","082"
"R0880X083",,,"R(架裝)","880","X","083"
"R0880X084",,,"R(架裝)","880","X","084"
"R0880X085",,,"R(架裝)","880","X","085"
"R0880X086",,,"R(架裝)","880","X","086"
"R0880X087",,,"R(架裝)","880","X","087"
"R0880X088",,,"R(架裝)","880","X","088"
"R0880X089",,,"R(架裝)","880","X","089"
"R0880X090",,,"R(架裝)","880","X","090"
"R0880X091",,,"R(架裝)","880","X","091"
"R0880X092",,,"R(架裝)","880","X","092"
"R0880X093",,,"R(架裝)","880","X","093"
"R0880X094",,,"R(架裝)","880","X","094"
"R0880X095",,,"R(架裝)","880","X","095"
"R0880X096",,,"R(架裝)","880","X","096"
"R0880X097",,,"R(架裝)","880","X","097"
"R0880X098",,,"R(架裝)","880","X","098"
"R0880X099",,,"R(架裝)","880","X","099"
"R0880X100",,,"R(架裝)","880","X","100"
"R0880X101",,,"R(架裝)","880","X","101"
"R0880X102",,,"R(架裝)","880","X","102"
"R0880X103",,,"R(架裝)","880","X","103"
"R0880X104",,,"R(架裝)","880","X","104"
"R0880X105",,,"R(架裝)","880","X","105"
"R0880X106",,,"R(架裝)","880","X","106"
"R0880X107",,,"R(架裝)","880","X","107"
"R0880X108",,,"R(架裝)","880","X","108"
"R0880X109",,,"R(架裝)","880","X","109"
"R0880X110",,,"R(架裝)","880","X","110"
"R0880X111",,,"R(架裝)","880","X","111"
"R0880X112",,,"R(架裝)","880","X","112"
"R0880X113",,,"R(架裝)","880","X","113"
"R0880X114",,,"R(架裝)","880","X","114"
"R0880X115",,,"R(架裝)","880","X","115"
"R0880X116",,,"R(架裝)","880","X","116"
"R0880X117",,,"R(架裝)","880","X","117"
"R0880X118",,,"R(架裝)","880","X","118"
"R0880X119",,,"R(架裝)","880","X","119"
"R0880X120",,,"R(架裝)","880","X","120"
"R0880X121",,,"R(架裝)","880","X","121"
"R0880X122",,,"R(架裝)","880","X","122"
"R0880X123",,,"R(架裝)","880","X","123"
"R0880X124",,,"R(架裝)","880","X","124"
"R0880X125",,,"R(架裝)","880","X","125"
"R0880X126",,,"R(架裝)","880","X","126"
"R0880X127",,,"R(架裝)","880","X","127"
"R0880X128",,,"R(架裝)","880","X","128"
"R0880X129",,,"R(架裝)","880","X","129"
"R0880X130",,,"R(架裝)","880","X","130"
"R0880X131",,,"R(架裝)","880","X","131"
"R0880X132",,,"R(架裝)","880","X","132"
"R0880X133",,,"R(架裝)","880","X","133"
"R0880X134",,,"R(架裝)","880","X","134"
"R0880X135",,,"R(架裝)","880","X","135"
"R0880X136",,,"R(架裝)","880","X","136"
"R0880X137",,,"R(架裝)","880","X","137"
"R0880X138",,,"R(架裝)","880","X","138"
"R0880X139",,,"R(架裝)","880","X","139"
"R0880X140",,,"R(架裝)","880","X","140"
"R0880X141",,,"R(架裝)","880","X","141"
"R0880X142",,,"R(架裝)","880","X","142"
"R0880X143",,,"R(架裝)","880","X","143"
"R0880X144",,,"R(架裝)","880","X","144"
"R0880X145",,,"R(架裝)","880","X","145"
"R0880X146",,,"R(架裝)","880","X","146"
"R0880X147",,,"R(架裝)","880","X","147"
"R0880X148",,,"R(架裝)","880","X","148"
"R0880X149",,,"R(架裝)","880","X","149"
"R0880X150",,,"R(架裝)","880","X","150"
"R0880X151",,,"R(架裝)","880","X","151"
"R0880X152",,,"R(架裝)","880","X","152"
"R0880X153",,,"R(架裝)","880","X","153"
"R0880X154",,,"R(架裝)","880","X","154"
"R0880X155",,,"R(架裝)","880","X","155"
"R0880X156",,,"R(架裝)","880","X","156"
"R0880X157",,,"R(架裝)","880","X","157"
"R0880X158",,,"R(架裝)","880","X","158"
"R0880X159",,,"R(架裝)","880","X","159"
"R0880X160",,,"R(架裝)","880","X","160"
"R0880X161",,,"R(架裝)","880","X","161"
"R0880X162",,,"R(架裝)","880","X","162"
"R0880X163",,,"R(架裝)","880","X","163"
"R0880X164",,,"R(架裝)","880","X","164"
"R0880X165",,,"R(架裝)","880","X","165"
"R0880X166",,,"R(架裝)","880","X","166"
"R0880X167",,,"R(架裝)","880","X","167"
"R0880X168",,,"R(架裝)","880","X","168"
"R0880X169",,,"R(架裝)","880","X","169"
"R0880X170",,,"R(架裝)","880","X","170"
"R0880X171",,,"R(架裝)","880","X","171"
"R0880X172",,,"R(架裝)","880","X","172"
"R0880X173",,,"R(架裝)","880","X","173"
"R0880X174",,,"R(架裝)","880","X","174"
"R0880X175",,,"R(架裝)","880","X","175"
"R0880X176",,,"R(架裝)","880","X","176"
"R0880X177",,,"R(架裝)","880","X","177"
"R0880X178",,,"R(架裝)","880","X","178"
"R0880X179",,,"R(架裝)","880","X","179"
"R0880X180",,,"R(架裝)","880","X","180"
"R0880X181",,,"R(架裝)","880","X","181"
"R0880X182",,,"R(架裝)","880","X","182"
"R0880X183",,,"R(架裝)","880","X","183"
"R0880X184",,,"R(架裝)","880","X","184"
"R0880X185",,,"R(架裝)","880","X","185"
"R0880X186",,,"R(架裝)","880","X","186"
"R0880X187",,,"R(架裝)","880","X","187"
"R0880X188",,,"R(架裝)","880","X","188"
"R0880X189",,,"R(架裝)","880","X","189"
"R0880X190",,,"R(架裝)","880","X","190"
"R0880X191",,,"R(架裝)","880","X","191"
"R0880X192",,,"R(架裝)","880","X","192"
"R0880X193",,,"R(架裝)","880","X","193"
"R0880X194",,,"R(架裝)","880","X","194"
"R0880X195",,,"R(架裝)","880","X","195"
"R0880X196",,,"R(架裝)","880","X","196"
"R0880X197",,,"R(架裝)","880","X","197"
"R0880X198",,,"R(架裝)","880","X","198"
"R0880X199",,,"R(架裝)","880","X","199"
"R0880X200",,,"R(架裝)","880","X","200"
"R0880X201",,,"R(架裝)","880","X","201"
"R0880X202",,,"R(架裝)","880","X","202"
"R0880X203",,,"R(架裝)","880","X","203"
"R0880X204",,,"R(架裝)","880","X","204"
"R0880X205",,,"R(架裝)","880","X","205"
"R0880X206",,,"R(架裝)","880","X","206"
"R0880X207",,,"R(架裝)","880","X","207"
"R0880X208",,,"R(架裝)","880","X","208"
"R0880X209",,,"R(架裝)","880","X","209"
"R0880X210",,,"R(架裝)","880","X","210"
"R0880X211",,,"R(架裝)","880","X","211"
"R0880X212",,,"R(架裝)","880","X","212"
"R0880X213",,,"R(架裝)","880","X","213"
"R0880X214",,,"R(架裝)","880","X","214"
"R0880X215",,,"R(架裝)","880","X","215"
"R0880X216",,,"R(架裝)","880","X","216"
"R0880X217",,,"R(架裝)","880","X","217"
"R0880X218",,,"R(架裝)","880","X","218"
"R0880X219",,,"R(架裝)","880","X","219"
"R0880X220",,,"R(架裝)","880","X","220"
"R0880X221",,,"R(架裝)","880","X","221"
"R0880X222",,,"R(架裝)","880","X","222"
"R0880X223",,,"R(架裝)","880","X","223"
"R0880X224",,,"R(架裝)","880","X","224"
"R0880X225",,,"R(架裝)","880","X","225"
"R0880X226",,,"R(架裝)","880","X","226"
"R0880X227",,,"R(架裝)","880","X","227"
"R0880X228",,,"R(架裝)","880","X","228"
"R0880X229",,,"R(架裝)","880","X","229"
"R0880X230",,,"R(架裝)","880","X","230"
"R0880X231",,,"R(架裝)","880","X","231"
"R0880X232",,,"R(架裝)","880","X","232"
"R0880X233",,,"R(架裝)","880","X","233"
"R0880X234",,,"R(架裝)","880","X","234"
"R0880X235",,,"R(架裝)","880","X","235"
"R0880X236",,,"R(架裝)","880","X","236"
"R0880X237",,,"R(架裝)","880","X","237"
"R0880X238",,,"R(架裝)","880","X","238"
"R0880X239",,,"R(架裝)","880","X","239"
"R0880X240",,,"R(架裝)","880","X","240"
"R0880X241",,,"R(架裝)","880","X","241"
"R0880X242",,,"R(架裝)","880","X","242"
"R0880X243",,,"R(架裝)","880","X","243"
"R0880X244",,,"R(架裝)","880","X","244"
"R0880X245",,,"R(架裝)","880","X","245"
"R0880X246",,,"R(架裝)","880","X","246"
"R0880X247",,,"R(架裝)","880","X","247"
"R0880X248",,,"R(架裝)","880","X","248"
"R0880X249",,,"R(架裝)","880","X","249"
"R0880X250",,,"R(架裝)","880","X","250"
"R0880X251",,,"R(架裝)","880","X","251"
"R0880X252",,,"R(架裝)","880","X","252"
"R0880X253",,,"R(架裝)","880","X","253"
"R0880X254",,,"R(架裝)","880","X","254"
"R0880X255",,,"R(架裝)","880","X","255"
"R0880X256",,,"R(架裝)","880","X","256"
"R0880X257",,,"R(架裝)","880","X","257"
"R0880X258",,,"R(架裝)","880","X","258"
"R0880X259",,,"R(架裝)","880","X","259"
"R0880X260",,,"R(架裝)","880","X","260"
"R0880X261",,,"R(架裝)","880","X","261"
"R0880X262",,,"R(架裝)","880","X","262"
"R0880X263",,,"R(架裝)","880","X","263"
"R0880X264",,,"R(架裝)","880","X","264"
"R0880X265",,,"R(架裝)","880","X","265"
"R0880X266",,,"R(架裝)","880","X","266"
"R0880X267",,,"R(架裝)","880","X","267"
"R0880X268",,,"R(架裝)","880","X","268"
"R0880X269",,,"R(架裝)","880","X","269"
"R0880X270",,,"R(架裝)","880","X","270"
"R0880X271",,,"R(架裝)","880","X","271"
"R0880X272",,,"R(架裝)","880","X","272"
"R0880X273",,,"R(架裝)","880","X","273"
"R0880X274",,,"R(架裝)","880","X","274"
"R0880X275",,,"R(架裝)","880","X","275"
"R0880X276",,,"R(架裝)","880","X","276"
"R0880X277",,,"R(架裝)","880","X","277"
"R0880X278",,,"R(架裝)","880","X","278"
"R0880X279",,,"R(架裝)","880","X","279"
"R0880X280",,,"R(架裝)","880","X","280"
"R0880X281",,,"R(架裝)","880","X","281"
"R0880X282",,,"R(架裝)","880","X","282"
"R0880X283",,,"R(架裝)","880","X","283"
"R0880X284",,,"R(架裝)","880","X","284"
"R0880X285",,,"R(架裝)","880","X","285"
"R0880X286",,,"R(架裝)","880","X","286"
"R0880X287",,,"R(架裝)","880","X","287"
"R0880X288",,,"R(架裝)","880","X","288"
"R0880X289",,,"R(架裝)","880","X","289"
"R0880X290",,,"R(架裝)","880","X","290"
"R0880X291",,,"R(架裝)","880","X","291"
"R0880X292",,,"R(架裝)","880","X","292"
"R0880X293",,,"R(架裝)","880","X","293"
"R0880X294",,,"R(架裝)","880","X","294"
"R0880X295",,,"R(架裝)","880","X","295"
"R0880X296",,,"R(架裝)","880","X","296"
"R0880X297",,,"R(架裝)","880","X","297"
"R0880X298",,,"R(架裝)","880","X","298"
"R0880X299",,,"R(架裝)","880","X","299"
"R0880X300",,,"R(架裝)","880","X","300"
"R1280X001",,,"R(架裝)","1280","X","001"
"R1280X002",,,"R(架裝)","1280","X","002"
"R1280X003",,,"R(架裝)","1280","X","003"
"R1280X004",,,"R(架裝)","1280","X","004"
"R1280X005",,,"R(架裝)","1280","X","005"
"R1280X006",,,"R(架裝)","1280","X","006"
"R1280X007",,,"R(架裝)","1280","X","007"
"R1280X008",,,"R(架裝)","1280","X","008"
"R1280X009",,,"R(架裝)","1280","X","009"
"R1280X010",,,"R(架裝)","1280","X","010"
"R1280X011",,,"R(架裝)","1280","X","011"
"R1280X012",,,"R(架裝)","1280","X","012"
"R1280X013",,,"R(架裝)","1280","X","013"
"R1280X014",,,"R(架裝)","1280","X","014"
"R1280X015",,,"R(架裝)","1280","X","015"
"R1280X016",,,"R(架裝)","1280","X","016"
"R1280X017",,,"R(架裝)","1280","X","017"
"R1280X018",,,"R(架裝)","1280","X","018"
"R1280X019",,,"R(架裝)","1280","X","019"
"R1280X020",,,"R(架裝)","1280","X","020"
"R1280X021",,,"R(架裝)","1280","X","021"
"R1280X022",,,"R(架裝)","1280","X","022"
"R1280X023",,,"R(架裝)","1280","X","023"
"R1280X024",,,"R(架裝)","1280","X","024"
"R1280X025",,,"R(架裝)","1280","X","025"
"R1280X026",,,"R(架裝)","1280","X","026"
"R1280X027",,,"R(架裝)","1280","X","027"
"R1280X028",,,"R(架裝)","1280","X","028"
"R1280X029",,,"R(架裝)","1280","X","029"
"R1280X030",,,"R(架裝)","1280","X","030"
"R1280X031",,,"R(架裝)","1280","X","031"
"R1280X032",,,"R(架裝)","1280","X","032"
"R1280X033",,,"R(架裝)","1280","X","033"
"R1280X034",,,"R(架裝)","1280","X","034"
"R1280X035",,,"R(架裝)","1280","X","035"
"R1280X036",,,"R(架裝)","1280","X","036"
"R1280X037",,,"R(架裝)","1280","X","037"
"R1280X038",,,"R(架裝)","1280","X","038"
"R1280X039",,,"R(架裝)","1280","X","039"
"R1280X040",,,"R(架裝)","1280","X","040"
"R1280X041",,,"R(架裝)","1280","X","041"
"R1280X042",,,"R(架裝)","1280","X","042"
"R1280X043",,,"R(架裝)","1280","X","043"
"R1280X044",,,"R(架裝)","1280","X","044"
"R1280X045",,,"R(架裝)","1280","X","045"
"R1280X046",,,"R(架裝)","1280","X","046"
"R1280X047",,,"R(架裝)","1280","X","047"
"R1280X048",,,"R(架裝)","1280","X","048"
"R1280X049",,,"R(架裝)","1280","X","049"
"R1280X050",,,"R(架裝)","1280","X","050"
"R1280X051",,,"R(架裝)","1280","X","051"
"R1280X052",,,"R(架裝)","1280","X","052"
"R1280X053",,,"R(架裝)","1280","X","053"
"R1280X054",,,"R(架裝)","1280","X","054"
"R1280X055",,,"R(架裝)","1280","X","055"
"R1280X056",,,"R(架裝)","1280","X","056"
"R1280X057",,,"R(架裝)","1280","X","057"
"R1280X058",,,"R(架裝)","1280","X","058"
"R1280X059",,,"R(架裝)","1280","X","059"
"R1280X060",,,"R(架裝)","1280","X","060"
"R1280X061",,,"R(架裝)","1280","X","061"
"R1280X062",,,"R(架裝)","1280","X","062"
"R1280X063",,,"R(架裝)","1280","X","063"
"R1280X064",,,"R(架裝)","1280","X","064"
"R1280X065",,,"R(架裝)","1280","X","065"
"R1280X066",,,"R(架裝)","1280","X","066"
"R1280X067",,,"R(架裝)","1280","X","067"
"R1280X068",,,"R(架裝)","1280","X","068"
"R1280X069",,,"R(架裝)","1280","X","069"
"R1280X070",,,"R(架裝)","1280","X","070"
"R1280X071",,,"R(架裝)","1280","X","071"
"R1280X072",,,"R(架裝)","1280","X","072"
"R1280X073",,,"R(架裝)","1280","X","073"
"R1280X074",,,"R(架裝)","1280","X","074"
"R1280X075",,,"R(架裝)","1280","X","075"
"R1280X076",,,"R(架裝)","1280","X","076"
"R1280X077",,,"R(架裝)","1280","X","077"
"R1280X078",,,"R(架裝)","1280","X","078"
"R1280X079",,,"R(架裝)","1280","X","079"
"R1280X080",,,"R(架裝)","1280","X","080"
"R1280X081",,,"R(架裝)","1280","X","081"
"R1280X082",,,"R(架裝)","1280","X","082"
"R1280X083",,,"R(架裝)","1280","X","083"
"R1280X084",,,"R(架裝)","1280","X","084"
"R1280X085",,,"R(架裝)","1280","X","085"
"R1280X086",,,"R(架裝)","1280","X","086"
"R1280X087",,,"R(架裝)","1280","X","087"
"R1280X088",,,"R(架裝)","1280","X","088"
"R1280X089",,,"R(架裝)","1280","X","089"
"R1280X090",,,"R(架裝)","1280","X","090"
"R1280X091",,,"R(架裝)","1280","X","091"
"R1280X092",,,"R(架裝)","1280","X","092"
"R1280X093",,,"R(架裝)","1280","X","093"
"R1280X094",,,"R(架裝)","1280","X","094"
"R1280X095",,,"R(架裝)","1280","X","095"
"R1280X096",,,"R(架裝)","1280","X","096"
"R1280X097",,,"R(架裝)","1280","X","097"
"R1280X098",,,"R(架裝)","1280","X","098"
"R1280X099",,,"R(架裝)","1280","X","099"
"R1280X100",,,"R(架裝)","1280","X","100"
"R1280X101",,,"R(架裝)","1280","X","101"
"R1280X102",,,"R(架裝)","1280","X","102"
"R1280X103",,,"R(架裝)","1280","X","103"
"R1280X104",,,"R(架裝)","1280","X","104"
"R1280X105",,,"R(架裝)","1280","X","105"
"R1280X106",,,"R(架裝)","1280","X","106"
"R1280X107",,,"R(架裝)","1280","X","107"
"R1280X108",,,"R(架裝)","1280","X","108"
"R1280X109",,,"R(架裝)","1280","X","109"
"R1280X110",,,"R(架裝)","1280","X","110"
"R1280X111",,,"R(架裝)","1280","X","111"
"R1280X112",,,"R(架裝)","1280","X","112"
"R1280X113",,,"R(架裝)","1280","X","113"
"R1280X114",,,"R(架裝)","1280","X","114"
"R1280X115",,,"R(架裝)","1280","X","115"
"R1280X116",,,"R(架裝)","1280","X","116"
"R1280X117",,,"R(架裝)","1280","X","117"
"R1280X118",,,"R(架裝)","1280","X","118"
"R1280X119",,,"R(架裝)","1280","X","119"
"R1280X120",,,"R(架裝)","1280","X","120"
"R1280X121",,,"R(架裝)","1280","X","121"
"R1280X122",,,"R(架裝)","1280","X","122"
"R1280X123",,,"R(架裝)","1280","X","123"
"R1280X124",,,"R(架裝)","1280","X","124"
"R1280X125",,,"R(架裝)","1280","X","125"
"R1280X126",,,"R(架裝)","1280","X","126"
"R1280X127",,,"R(架裝)","1280","X","127"
"R1280X128",,,"R(架裝)","1280","X","128"
"R1280X129",,,"R(架裝)","1280","X","129"
"R1280X130",,,"R(架裝)","1280","X","130"
"R1280X131",,,"R(架裝)","1280","X","131"
"R1280X132",,,"R(架裝)","1280","X","132"
"R1280X133",,,"R(架裝)","1280","X","133"
"R1280X134",,,"R(架裝)","1280","X","134"
"R1280X135",,,"R(架裝)","1280","X","135"
"R1280X136",,,"R(架裝)","1280","X","136"
"R1280X137",,,"R(架裝)","1280","X","137"
"R1280X138",,,"R(架裝)","1280","X","138"
"R1280X139",,,"R(架裝)","1280","X","139"
"R1280X140",,,"R(架裝)","1280","X","140"
"R1280X141",,,"R(架裝)","1280","X","141"
"R1280X142",,,"R(架裝)","1280","X","142"
"R1280X143",,,"R(架裝)","1280","X","143"
"R1280X144",,,"R(架裝)","1280","X","144"
"R1280X145",,,"R(架裝)","1280","X","145"
"R1280X146",,,"R(架裝)","1280","X","146"
"R1280X147",,,"R(架裝)","1280","X","147"
"R1280X148",,,"R(架裝)","1280","X","148"
"R1280X149",,,"R(架裝)","1280","X","149"
"R1280X150",,,"R(架裝)","1280","X","150"
"R1280X151",,,"R(架裝)","1280","X","151"
"R1280X152",,,"R(架裝)","1280","X","152"
"R1280X153",,,"R(架裝)","1280","X","153"
"R1280X154",,,"R(架裝)","1280","X","154"
"R1280X155",,,"R(架裝)","1280","X","155"
"R1280X156",,,"R(架裝)","1280","X","156"
"R1280X157",,,"R(架裝)","1280","X","157"
"R1280X158",,,"R(架裝)","1280","X","158"
"R1280X159",,,"R(架裝)","1280","X","159"
"R1280X160",,,"R(架裝)","1280","X","160"
"R1280X161",,,"R(架裝)","1280","X","161"
"R1280X162",,,"R(架裝)","1280","X","162"
"R1280X163",,,"R(架裝)","1280","X","163"
"R1280X164",,,"R(架裝)","1280","X","164"
"R1280X165",,,"R(架裝)","1280","X","165"
"R1280X166",,,"R(架裝)","1280","X","166"
"R1280X167",,,"R(架裝)","1280","X","167"
"R1280X168",,,"R(架裝)","1280","X","168"
"R1280X169",,,"R(架裝)","1280","X","169"
"R1280X170",,,"R(架裝)","1280","X","170"
"R1280X171",,,"R(架裝)","1280","X","171"
"R1280X172",,,"R(架裝)","1280","X","172"
"R1280X173",,,"R(架裝)","1280","X","173"
"R1280X174",,,"R(架裝)","1280","X","174"
"R1280X175",,,"R(架裝)","1280","X","175"
"R1280X176",,,"R(架裝)","1280","X","176"
"R1280X177",,,"R(架裝)","1280","X","177"
"R1280X178",,,"R(架裝)","1280","X","178"
"R1280X179",,,"R(架裝)","1280","X","179"
"R1280X180",,,"R(架裝)","1280","X","180"
"R1280X181",,,"R(架裝)","1280","X","181"
"R1280X182",,,"R(架裝)","1280","X","182"
"R1280X183",,,"R(架裝)","1280","X","183"
"R1280X184",,,"R(架裝)","1280","X","184"
"R1280X185",,,"R(架裝)","1280","X","185"
"R1280X186",,,"R(架裝)","1280","X","186"
"R1280X187",,,"R(架裝)","1280","X","187"
"R1280X188",,,"R(架裝)","1280","X","188"
"R1280X189",,,"R(架裝)","1280","X","189"
"R1280X190",,,"R(架裝)","1280","X","190"
"R1280X191",,,"R(架裝)","1280","X","191"
"R1280X192",,,"R(架裝)","1280","X","192"
"R1280X193",,,"R(架裝)","1280","X","193"
"R1280X194",,,"R(架裝)","1280","X","194"
"R1280X195",,,"R(架裝)","1280","X","195"
"R1280X196",,,"R(架裝)","1280","X","196"
"R1280X197",,,"R(架裝)","1280","X","197"
"R1280X198",,,"R(架裝)","1280","X","198"
"R1280X199",,,"R(架裝)","1280","X","199"
"R1280X200",,,"R(架裝)","1280","X","200"
"R1280X201",,,"R(架裝)","1280","X","201"
"R1280X202",,,"R(架裝)","1280","X","202"
"R1280X203",,,"R(架裝)","1280","X","203"
"R1280X204",,,"R(架裝)","1280","X","204"
"R1280X205",,,"R(架裝)","1280","X","205"
"R1280X206",,,"R(架裝)","1280","X","206"
"R1280X207",,,"R(架裝)","1280","X","207"
"R1280X208",,,"R(架裝)","1280","X","208"
"R1280X209",,,"R(架裝)","1280","X","209"
"R1280X210",,,"R(架裝)","1280","X","210"
"R1280X211",,,"R(架裝)","1280","X","211"
"R1280X212",,,"R(架裝)","1280","X","212"
"R1280X213",,,"R(架裝)","1280","X","213"
"R1280X214",,,"R(架裝)","1280","X","214"
"R1280X215",,,"R(架裝)","1280","X","215"
"R1280X216",,,"R(架裝)","1280","X","216"
"R1280X217",,,"R(架裝)","1280","X","217"
"R1280X218",,,"R(架裝)","1280","X","218"
"R1280X219",,,"R(架裝)","1280","X","219"
"R1280X220",,,"R(架裝)","1280","X","220"
"R1280X221",,,"R(架裝)","1280","X","221"
"R1280X222",,,"R(架裝)","1280","X","222"
"R1280X223",,,"R(架裝)","1280","X","223"
"R1280X224",,,"R(架裝)","1280","X","224"
"R1280X225",,,"R(架裝)","1280","X","225"
"R1280X226",,,"R(架裝)","1280","X","226"
"R1280X227",,,"R(架裝)","1280","X","227"
"R1280X228",,,"R(架裝)","1280","X","228"
"R1280X229",,,"R(架裝)","1280","X","229"
"R1280X230",,,"R(架裝)","1280","X","230"
"R1280X231",,,"R(架裝)","1280","X","231"
"R1280X232",,,"R(架裝)","1280","X","232"
"R1280X233",,,"R(架裝)","1280","X","233"
"R1280X234",,,"R(架裝)","1280","X","234"
"R1280X235",,,"R(架裝)","1280","X","235"
"R1280X236",,,"R(架裝)","1280","X","236"
"R1280X237",,,"R(架裝)","1280","X","237"
"R1280X238",,,"R(架裝)","1280","X","238"
"R1280X239",,,"R(架裝)","1280","X","239"
"R1280X240",,,"R(架裝)","1280","X","240"
"R1280X241",,,"R(架裝)","1280","X","241"
"R1280X242",,,"R(架裝)","1280","X","242"
"R1280X243",,,"R(架裝)","1280","X","243"
"R1280X244",,,"R(架裝)","1280","X","244"
"R1280X245",,,"R(架裝)","1280","X","245"
"R1280X246",,,"R(架裝)","1280","X","246"
"R1280X247",,,"R(架裝)","1280","X","247"
"R1280X248",,,"R(架裝)","1280","X","248"
"R1280X249",,,"R(架裝)","1280","X","249"
"R1280X250",,,"R(架裝)","1280","X","250"
"R1280X251",,,"R(架裝)","1280","X","251"
"R1280X252",,,"R(架裝)","1280","X","252"
"R1280X253",,,"R(架裝)","1280","X","253"
"R1280X254",,,"R(架裝)","1280","X","254"
"R1280X255",,,"R(架裝)","1280","X","255"
"R1280X256",,,"R(架裝)","1280","X","256"
"R1280X257",,,"R(架裝)","1280","X","257"
"R1280X258",,,"R(架裝)","1280","X","258"
"R1280X259",,,"R(架裝)","1280","X","259"
"R1280X260",,,"R(架裝)","1280","X","260"
"R1280X261",,,"R(架裝)","1280","X","261"
"R1280X262",,,"R(架裝)","1280","X","262"
"R1280X263",,,"R(架裝)","1280","X","263"
"R1280X264",,,"R(架裝)","1280","X","264"
"R1280X265",,,"R(架裝)","1280","X","265"
"R1280X266",,,"R(架裝)","1280","X","266"
"R1280X267",,,"R(架裝)","1280","X","267"
"R1280X268",,,"R(架裝)","1280","X","268"
"R1280X269",,,"R(架裝)","1280","X","269"
"R1280X270",,,"R(架裝)","1280","X","270"
"R1280X271",,,"R(架裝)","1280","X","271"
"R1280X272",,,"R(架裝)","1280","X","272"
"R1280X273",,,"R(架裝)","1280","X","273"
"R1280X274",,,"R(架裝)","1280","X","274"
"R1280X275",,,"R(架裝)","1280","X","275"
"R1280X276",,,"R(架裝)","1280","X","276"
"R1280X277",,,"R(架裝)","1280","X","277"
"R1280X278",,,"R(架裝)","1280","X","278"
"R1280X279",,,"R(架裝)","1280","X","279"
"R1280X280",,,"R(架裝)","1280","X","280"
"R1280X281",,,"R(架裝)","1280","X","281"
"R1280X282",,,"R(架裝)","1280","X","282"
"R1280X283",,,"R(架裝)","1280","X","283"
"R1280X284",,,"R(架裝)","1280","X","284"
"R1280X285",,,"R(架裝)","1280","X","285"
"R1280X286",,,"R(架裝)","1280","X","286"
"R1280X287",,,"R(架裝)","1280","X","287"
"R1280X288",,,"R(架裝)","1280","X","288"
"R1280X289",,,"R(架裝)","1280","X","289"
"R1280X290",,,"R(架裝)","1280","X","290"
"R1280X291",,,"R(架裝)","1280","X","291"
"R1280X292",,,"R(架裝)","1280","X","292"
"R1280X293",,,"R(架裝)","1280","X","293"
"R1280X294",,,"R(架裝)","1280","X","294"
"R1280X295",,,"R(架裝)","1280","X","295"
"R1280X296",,,"R(架裝)","1280","X","296"
"R1280X297",,,"R(架裝)","1280","X","297"
"R1280X298",,,"R(架裝)","1280","X","298"
"R1280X299",,,"R(架裝)","1280","X","299"
"R1280X300",,,"R(架裝)","1280","X","300"
